{
  "Test2 Feature": -4.8411543539755435,
  "Test1 Feature": -4.842040660604625,
  "Train Feature": 0.0
}