{
  "StopWordsPercentagesFeature": -6.011737003029821,
  "MeanSentenceLengthFeature": 3.560305323664782,
  "UniqueWordsPercentages": 7.178644092133615,
  "PunctuationMarksPercentagesFeature": -1.4416943638082136
}