{
  "StopWordsPercentagesFeature": -3.2551749398470773,
  "MeanSentenceLengthFeature": 4.017557851108057,
  "PunctuationMarksPercentagesFeature": 1.8628393920294923
}