{
  "StopWordsPercentagesFeature": -2.1202985836065213,
  "MeanSentenceLengthFeature": 4.2390883651814
}