{
  "StopWordsPercentagesFeature": -3.2391424557889312,
  "MeanSentenceLengthFeature": 4.019728630903907,
  "PunctuationMarksPercentagesFeature": 1.8435700186577304
}