{
  "StopWordsPercentagesFeature": -2.7030500940225477,
  "MeanSentenceLengthFeature": 4.195164953864051,
  "PunctuationMarksPercentagesFeature": 1.240016791806829
}